[
  {
    "name": "ТРЦ «Северный Град», Омск",
    "text": "Установили фасадный outdoor LED-экран. Отрабатывает уже несколько зим при минусовых температурах, яркости хватает даже в яркий день. Сервисная поддержка всегда на связи."
  },
  {
    "name": "Coffee Anytime",
    "text": "Нужен был экран, который будет одинаково хорошо смотреться и вживую, и на фото/видео. Получили аккуратный медиафасад, монтаж прошёл в согласованные сроки, помогли настроить рекламный контент."
  },
  {
    "name": "Конференц-холл",
    "text": "Большой интерьерный LED-экран для мероприятий и прямых эфиров. Чёткая картинка, без швов, нет мерцаний в кадре при съёмке на камеру."
  }
]